Generation,Max Fitness,Chosen Individual Loss,Avg Fitness,Avg Loss,Best Loss
1,8218.863124890599,0.2785479426383972,393.7404398835913,0.3239317332238716,2.005210518836975
2,8218.863124890599,None,299.57752523751793,14.667051480017479,701.6185913085938
3,8218.863124890599,None,233.99904483263015,2.9731414669754024,130.1798095703125
4,9828.003768854333,0.00010175006173085421,579.0567431104604,1.5025234203447102,53.748146057128906
5,9828.003768854333,None,392.4343608243328,0.8473660155331326,17.675762176513672
6,17166.268912539785,5.82537759328261e-05,1085.8407668674001,0.1830760129234143,2.7245678901672363
7,203703.4748824661,4.909095423499821e-06,4864.626077121507,0.8668032311381411,20.12599754333496
8,1000000000000.0,0.0,20000013396.408466,0.22972546263021082,5.329052925109863
